"","expr","min","lq","mean","median","uq","max","neval","iterations"
"1","interact",198.833179145,198.833179145,198.833179145,198.833179145,198.833179145,198.833179145,1,100
"2","interact",388.838260731,388.838260731,388.838260731,388.838260731,388.838260731,388.838260731,1,200
"3","interact",969.785028559,969.785028559,969.785028559,969.785028559,969.785028559,969.785028559,1,500
"4","interact",1963.141762321,1963.141762321,1963.141762321,1963.141762321,1963.141762321,1963.141762321,1,1000
